<?xml version="1.0" encoding="UTF-8" standalone="yes"?>
<addon id="plugin.video.martin" name="Martin" version="99.0.0" provider-name="AVStream">
  <requires>
    <import addon="xbmc.python" version="2.1.0"/>
	<import addon="repository.xbmc-israel" />
  </requires>
  <extension point="xbmc.python.pluginsource" library="default.py">
        <provides>video</provides>
  </extension>
  <extension point="xbmc.addon.metadata">
    <summary lang="en">Martin </summary>
    <description lang="en">Martin </description>
    <platform>all</platform>
  </extension>
</addon>
